frac_bits,max_channel_difference,count
0,1,1541786
0,2,81270
0,3,20996
0,4,8222
0,5,3934
0,6,1967
0,7,1346
0,8,805
0,9,476
0,10,346
0,11,236
0,12,176
0,13,140
0,14,115
0,15,106
0,16,72
0,17,60
0,18,50
0,19,43
0,20,48
0,21,127
0,22,93
0,23,66
0,24,70
0,25,90
0,26,319
0,27,133
0,28,89
0,29,115
0,30,98
0,31,91
0,32,125
0,33,89
0,34,84
0,35,86
0,36,94
0,37,98
0,38,140
0,39,267
0,40,149
0,41,129
0,42,137
0,43,123
0,44,115
0,45,120
0,46,115
0,47,144
0,48,204
0,49,209
0,50,156
0,51,100
0,52,69
0,53,92
0,54,79
0,55,101
0,56,117
0,57,119
0,58,111
0,59,125
0,60,102
0,61,131
0,62,173
0,63,146
0,64,137
0,65,117
0,66,134
0,67,156
0,68,171
0,69,131
0,70,138
0,71,189
0,72,183
0,73,186
0,74,186
0,75,162
0,76,164
0,77,129
0,78,122
0,79,129
0,80,145
0,81,218
0,82,210
0,83,256
0,84,243
0,85,279
0,86,390
0,87,468
0,88,501
0,89,739
0,90,394
0,91,376
0,92,454
0,93,779
0,94,814
0,95,369
0,96,311
0,97,367
0,98,428
0,99,577
0,100,640
0,101,2020
0,102,489
0,103,346
0,104,416
0,105,4002
0,106,483
0,107,104
0,108,75
0,109,480
0,110,125
0,111,53
0,112,30
0,113,36
0,114,38
0,115,49
0,116,46
0,117,44
0,118,38
0,119,41
0,120,44
0,121,51
0,122,52
0,123,33
0,124,38
0,125,44
0,126,46
0,127,34
0,128,45
0,129,49
0,130,51
0,131,53
0,132,51
0,133,53
0,134,45
0,135,43
0,136,49
0,137,55
0,138,39
0,139,41
0,140,55
0,141,41
0,142,58
0,143,43
0,144,60
0,145,50
0,146,51
0,147,54
0,148,51
0,149,63
0,150,49
0,151,51
0,152,56
0,153,65
0,154,60
0,155,65
0,156,90
0,157,74
0,158,59
0,159,56
0,160,35
0,161,45
0,162,70
0,163,99
0,164,71
0,165,70
0,166,77
0,167,68
0,168,57
0,169,62
0,170,73
0,171,62
0,172,54
0,173,36
0,174,53
0,175,24
0,176,23
0,177,17
0,178,22
0,179,27
0,180,28
0,181,48
0,182,34
0,183,34
0,184,21
0,185,24
0,186,18
0,187,21
0,188,20
0,189,21
0,190,20
0,191,22
0,192,25
0,193,26
0,194,29
0,195,17
0,196,18
0,197,25
0,198,40
0,199,38
0,200,42
0,201,21
0,202,19
0,203,15
0,204,24
0,205,15
0,206,37
0,207,8
1,1,517063
1,2,1797
1,3,392
1,4,157
1,5,73
1,6,28
1,7,14
1,8,17
1,9,11
1,10,5
1,11,3
1,12,6
1,13,8
1,14,4
1,15,9
1,16,5
1,17,2
1,18,3
1,19,2
1,20,4
1,21,24
1,22,12
1,23,3
1,24,6
1,25,24
1,26,77
1,27,34
1,28,21
1,29,28
1,30,19
1,31,20
1,32,38
1,33,20
1,34,20
1,35,28
1,36,21
1,37,23
1,38,28
1,39,64
1,40,30
1,41,30
1,42,20
1,43,21
1,44,20
1,45,22
1,46,26
1,47,27
1,48,31
1,49,75
1,50,37
1,51,27
1,52,19
1,53,28
1,54,27
1,55,29
1,56,18
1,57,36
1,58,40
1,59,31
1,60,16
1,61,21
1,62,20
1,63,33
1,64,25
1,65,23
1,66,39
1,67,34
1,68,28
1,69,24
1,70,29
1,71,25
1,72,38
1,73,30
1,74,25
1,75,33
1,76,12
1,77,25
1,78,28
1,79,25
1,80,21
1,81,29
1,82,20
1,83,47
1,84,33
1,85,36
1,86,82
1,87,113
1,88,69
1,89,190
1,90,94
1,91,89
1,92,90
1,93,171
1,94,165
1,95,71
1,96,42
1,97,44
1,98,76
1,99,84
1,100,101
1,101,384
1,102,90
1,103,27
1,104,51
1,105,771
1,106,91
1,107,14
1,108,8
1,109,88
1,110,24
1,111,7
1,112,8
1,113,6
1,114,6
1,115,7
1,116,3
1,117,6
1,118,9
1,119,2
1,120,8
1,121,2
1,122,8
1,123,9
1,124,10
1,125,5
1,126,11
1,127,5
1,128,7
1,129,7
1,130,5
1,131,8
1,132,10
1,133,7
1,134,7
1,135,8
1,136,11
1,137,10
1,138,3
1,139,10
1,140,10
1,141,8
1,142,13
1,143,9
1,144,11
1,145,17
1,146,9
1,147,13
1,148,18
1,149,2
1,150,14
1,151,10
1,152,11
1,153,5
1,154,9
1,155,15
1,156,22
1,157,16
1,158,10
1,159,8
1,160,8
1,161,8
1,162,13
1,163,18
1,164,17
1,165,19
1,166,14
1,167,13
1,168,15
1,169,13
1,170,10
1,171,14
1,172,3
1,173,4
1,174,9
1,175,3
1,176,3
1,177,5
1,178,2
1,179,7
1,180,4
1,181,8
1,182,4
1,183,11
1,184,1
1,185,6
1,186,2
1,187,3
1,188,4
1,190,5
1,191,3
1,192,6
1,193,4
1,194,2
1,195,4
1,196,3
1,197,2
1,198,3
1,199,6
1,200,3
1,201,5
1,202,6
1,204,9
1,205,4
1,206,3
1,207,1
2,1,352310
2,2,438
2,3,68
2,4,33
2,5,14
2,6,12
2,7,7
2,8,4
2,9,6
2,10,3
2,11,2
2,12,1
2,13,5
2,14,2
2,15,1
2,16,2
2,19,1
2,20,3
2,21,5
2,22,3
2,24,2
2,25,10
2,26,33
2,27,8
2,28,8
2,29,15
2,30,7
2,31,11
2,32,9
2,33,8
2,34,6
2,35,12
2,36,10
2,37,14
2,38,17
2,39,26
2,40,6
2,41,16
2,42,12
2,43,12
2,44,11
2,45,14
2,46,13
2,47,23
2,48,17
2,49,45
2,50,17
2,51,13
2,52,5
2,53,11
2,54,16
2,55,9
2,56,11
2,57,19
2,58,17
2,59,12
2,60,9
2,61,8
2,62,7
2,63,22
2,64,10
2,65,16
2,66,21
2,67,12
2,68,15
2,69,11
2,70,9
2,71,13
2,72,20
2,73,16
2,74,13
2,75,9
2,76,6
2,77,10
2,78,13
2,79,8
2,80,10
2,81,23
2,82,22
2,83,12
2,84,16
2,85,17
2,86,51
2,87,55
2,88,50
2,89,77
2,90,43
2,91,41
2,92,59
2,93,99
2,94,88
2,95,24
2,96,18
2,97,22
2,98,28
2,99,44
2,100,53
2,101,180
2,102,41
2,103,25
2,104,30
2,105,366
2,106,63
2,107,5
2,108,7
2,109,39
2,110,12
2,111,2
2,112,2
2,113,4
2,114,3
2,115,2
2,116,4
2,117,6
2,118,2
2,119,1
2,120,7
2,121,4
2,122,5
2,123,2
2,124,5
2,125,5
2,126,6
2,127,7
2,128,4
2,129,4
2,130,5
2,131,5
2,132,3
2,133,2
2,134,6
2,135,2
2,136,2
2,137,7
2,138,7
2,139,5
2,140,3
2,141,5
2,142,2
2,143,4
2,144,8
2,145,12
2,146,1
2,147,9
2,148,8
2,149,4
2,150,6
2,151,2
2,152,6
2,153,4
2,154,6
2,155,7
2,156,5
2,157,8
2,158,8
2,159,5
2,160,7
2,161,3
2,162,10
2,163,9
2,164,6
2,165,14
2,166,16
2,167,8
2,168,5
2,169,4
2,170,3
2,171,6
2,172,1
2,173,3
2,174,4
2,175,1
2,176,2
2,178,1
2,179,1
2,180,1
2,182,3
2,183,5
2,184,2
2,189,4
2,190,1
2,191,2
2,192,3
2,193,5
2,195,2
2,198,3
2,199,1
2,201,1
2,202,2
2,207,1
3,1,269707
3,2,92
3,3,28
3,4,12
3,5,3
3,6,5
3,7,2
3,8,1
3,9,1
3,10,1
3,11,1
3,12,1
3,13,2
3,14,3
3,19,2
3,20,4
3,21,5
3,22,1
3,23,1
3,25,5
3,26,16
3,27,8
3,28,7
3,29,7
3,30,4
3,31,1
3,32,7
3,33,5
3,34,7
3,35,4
3,36,1
3,37,4
3,38,6
3,39,19
3,40,5
3,41,9
3,42,4
3,43,7
3,44,9
3,45,4
3,46,9
3,47,13
3,48,20
3,49,25
3,50,15
3,51,4
3,52,4
3,53,6
3,54,10
3,55,5
3,56,7
3,57,8
3,58,9
3,59,4
3,60,1
3,61,2
3,62,6
3,63,7
3,64,6
3,65,9
3,66,16
3,67,6
3,68,10
3,69,4
3,70,4
3,71,6
3,72,6
3,73,7
3,74,6
3,75,5
3,76,4
3,77,7
3,78,6
3,79,2
3,80,9
3,81,3
3,82,5
3,83,8
3,84,4
3,85,12
3,86,27
3,87,29
3,88,27
3,89,44
3,90,27
3,91,22
3,92,24
3,93,48
3,94,48
3,95,15
3,96,12
3,97,8
3,98,14
3,99,21
3,100,29
3,101,91
3,102,25
3,103,15
3,104,10
3,105,165
3,106,32
3,107,1
3,108,3
3,109,23
3,110,5
3,111,1
3,112,2
3,114,3
3,115,3
3,117,1
3,118,2
3,119,1
3,120,3
3,121,3
3,122,2
3,123,3
3,124,6
3,125,2
3,126,3
3,127,2
3,128,1
3,129,2
3,130,4
3,131,2
3,132,1
3,133,3
3,134,3
3,135,6
3,136,2
3,137,1
3,138,2
3,139,1
3,140,2
3,141,4
3,142,2
3,143,6
3,144,3
3,145,9
3,146,1
3,147,6
3,148,1
3,149,1
3,150,3
3,151,5
3,152,4
3,153,3
3,154,1
3,156,4
3,157,4
3,158,3
3,159,2
3,160,2
3,161,2
3,162,3
3,163,5
3,164,5
3,165,3
3,166,5
3,167,2
3,168,9
3,169,2
3,170,3
3,171,5
3,172,2
3,174,1
3,175,2
3,176,3
3,177,1
3,178,1
3,180,1
3,181,1
3,186,1
3,187,1
3,189,3
3,191,3
3,192,3
3,193,2
3,194,1
3,195,1
3,196,1
3,198,2
3,200,2
3,204,1
4,1,224391
4,2,13
4,3,2
4,4,1
4,5,1
4,7,1
4,8,1
4,12,1
4,13,2
4,14,1
4,15,1
4,20,1
4,21,3
4,22,2
4,25,1
4,26,9
4,27,4
4,28,3
4,29,5
4,30,3
4,31,1
4,32,3
4,33,3
4,34,3
4,35,10
4,37,1
4,38,5
4,39,6
4,41,6
4,42,4
4,43,4
4,44,7
4,45,4
4,46,5
4,47,7
4,48,3
4,49,6
4,50,6
4,51,2
4,52,3
4,53,2
4,54,4
4,55,4
4,56,3
4,57,3
4,58,2
4,59,2
4,60,3
4,61,1
4,62,2
4,63,2
4,64,6
4,65,7
4,66,9
4,67,5
4,68,1
4,69,3
4,70,4
4,71,4
4,72,2
4,73,3
4,74,4
4,75,2
4,76,1
4,77,1
4,79,2
4,80,4
4,81,5
4,82,4
4,83,2
4,84,3
4,85,5
4,86,12
4,87,14
4,88,4
4,89,15
4,90,8
4,91,13
4,92,14
4,93,18
4,94,19
4,95,7
4,96,6
4,97,5
4,98,5
4,99,9
4,100,15
4,101,49
4,102,13
4,103,10
4,104,7
4,105,107
4,106,12
4,108,2
4,109,5
4,110,4
4,112,1
4,114,1
4,115,1
4,117,1
4,118,2
4,121,2
4,123,3
4,124,1
4,126,2
4,127,3
4,128,1
4,129,2
4,130,1
4,131,2
4,133,1
4,134,1
4,135,2
4,136,1
4,137,1
4,140,1
4,141,1
4,143,2
4,144,2
4,145,4
4,147,2
4,148,1
4,149,3
4,150,1
4,151,1
4,152,2
4,153,3
4,154,1
4,156,1
4,157,1
4,158,2
4,159,3
4,160,1
4,161,1
4,163,1
4,164,1
4,165,1
4,166,1
4,168,5
4,169,2
4,171,2
4,177,1
4,183,1
4,184,1
4,185,1
4,192,1
4,193,1
4,197,1
4,204,1
6,1,190211
6,4,1
6,6,1
6,8,1
6,10,1
6,13,1
6,21,1
6,26,2
6,30,1
6,31,1
6,32,1
6,34,1
6,35,1
6,37,1
6,38,1
6,40,3
6,41,3
6,42,4
6,43,1
6,44,1
6,47,2
6,48,2
6,49,4
6,50,2
6,52,1
6,54,1
6,57,1
6,58,1
6,59,2
6,60,3
6,65,2
6,66,1
6,67,2
6,68,1
6,69,1
6,70,1
6,72,1
6,75,1
6,77,3
6,79,2
6,81,1
6,84,1
6,86,5
6,87,4
6,88,1
6,89,5
6,90,4
6,91,2
6,92,3
6,93,1
6,94,8
6,96,2
6,98,1
6,99,1
6,100,4
6,101,12
6,102,7
6,103,1
6,104,6
6,105,21
6,109,6
6,114,1
6,118,1
6,119,1
6,121,1
6,128,1
6,131,1
6,135,1
6,137,1
6,140,1
6,142,1
6,143,1
6,146,1
6,150,1
6,152,1
6,155,1
6,157,2
6,159,1
6,161,2
6,164,1
6,165,1
6,168,2
6,169,2
6,181,1
6,183,1
6,187,1
6,192,1
6,193,1
6,201,1
6,204,2
8,1,180963
8,13,1
8,26,1
8,27,1
8,31,1
8,35,2
8,42,1
8,43,3
8,44,2
8,45,1
8,53,1
8,54,1
8,55,1
8,57,1
8,69,1
8,76,1
8,82,2
8,86,2
8,87,1
8,88,2
8,91,2
8,92,1
8,94,2
8,100,1
8,101,1
8,102,2
8,105,6
8,109,1
8,114,1
8,124,1
8,135,1
8,137,1
8,143,1
8,144,1
8,145,1
12,1,178832
12,60,1
12,76,1
12,88,1
12,89,1
12,98,1
12,105,1
12,110,1
16,1,178134
16,60,1
